{
  "framework_name": "Appboy_iOS_SDK.framework",
  "static_framework": false,
  "resources": [
    "${PODS_CONFIGURATION_BUILD_DIR}/Appboy-iOS-SDK/AppboyUI.ContentCards.bundle",
    "${PODS_CONFIGURATION_BUILD_DIR}/Appboy-iOS-SDK/Appboy.bundle",
    "${PODS_CONFIGURATION_BUILD_DIR}/Appboy-iOS-SDK/AppboyUI.InAppMessage.bundle",
    "${PODS_CONFIGURATION_BUILD_DIR}/Appboy-iOS-SDK/AppboyUI.NewsFeed.bundle"
  ],
  "resource_bundles": [
    "AppboyUI.ContentCards.bundle",
    "Appboy.bundle",
    "AppboyUI.InAppMessage.bundle",
    "AppboyUI.NewsFeed.bundle"
  ],
  "build_settings": {
    "CODE_SIGN_IDENTITY[sdk=appletvos*]": "",
    "CODE_SIGN_IDENTITY[sdk=iphoneos*]": "",
    "CODE_SIGN_IDENTITY[sdk=watchos*]": "",
    "CURRENT_PROJECT_VERSION": "1",
    "DEFINES_MODULE": "YES",
    "DYLIB_COMPATIBILITY_VERSION": "1",
    "DYLIB_CURRENT_VERSION": "1",
    "DYLIB_INSTALL_NAME_BASE": "@rpath",
    "GCC_PREFIX_HEADER": "Target Support Files/Appboy-iOS-SDK/Appboy-iOS-SDK-prefix.pch",
    "INFOPLIST_FILE": "Target Support Files/Appboy-iOS-SDK/Appboy-iOS-SDK-Info.plist",
    "INSTALL_PATH": "$(LOCAL_LIBRARY_DIR)/Frameworks",
    "IPHONEOS_DEPLOYMENT_TARGET": "9.0",
    "LD_RUNPATH_SEARCH_PATHS": [
      "$(inherited)",
      "@executable_path/Frameworks",
      "@loader_path/Frameworks"
    ],
    "MODULEMAP_FILE": "Target Support Files/Appboy-iOS-SDK/Appboy-iOS-SDK.modulemap",
    "PRODUCT_MODULE_NAME": "Appboy_iOS_SDK",
    "PRODUCT_NAME": "Appboy_iOS_SDK",
    "SDKROOT": "iphoneos",
    "SKIP_INSTALL": "YES",
    "SWIFT_ACTIVE_COMPILATION_CONDITIONS": "$(inherited) ",
    "SWIFT_VERSION": "5.0",
    "TARGETED_DEVICE_FAMILY": "1,2",
    "VERSIONING_SYSTEM": "apple-generic",
    "VERSION_INFO_PREFIX": ""
  },
  "source_hash": null,
  "project_root": "/Users/louis/Git"
}